Workbook

Sheet Pricing Calculator
A1: GYM PROMOTION PRICING CALCULATOR
A3: Customer Name | D3: PRICING RESULT
A4: Customer ID | D4: Package Discount | E4: =IF(B6=0,0,IF(B7=1,Instructions!C8,IF(B7=3,Instructions!D8,IF(B7=6,Instructions!E8,IF(B7=12,Instructions!F8,0))))) -> 0.15
A5: Base Monthly Price | B5: 400000 | C5: Oorchilj bolno | D5: Loyalty Discount | E5: =IF(B6<3,0,IF(B6<6,Instructions!C10,IF(B6<12,Instructions!D10,IF(B6<24,Instructions!E10,Instructions!F10)))) -> 0.12
A6: Months Already Attended | B6: 24 | C6: Oorchilj bolno | D6: Total Discount | E6: =E4+E5 -> 0.27
A7: New Package (months) | B7: 3 | C7: Oorchilj bolno | D7: Membership Score/Expected Months | E7: =B6+B7 -> 27
D8: Promotion Tier | E8: =IF(B6<3,"Starter",IF(B6<6,"Growing",IF(B6<9,"Committed",IF(B6<12,"Loyal",IF(B6<18,"Long-Term",IF(B6<120,"Premium Loyal")))))) -> Premium Loyal
D9: Promotional Monthly Price | E9: =B5*(1-E6) -> 292000
D10: Total Current Package Price | E10: =E9*B7 -> 876000
D11: Normal Package Price | E11: =B5*B7 -> 1200000
D12: Current Package Savings | E12: =E11-E10 -> 324000
D13: Renewal Monthly Price* | E13: =B5*(1-MIN(30%,IF(B6+B7<3,'Package Matrix'!C21,IF(B6+B7<6,'Package Matrix'!C22%,IF(B6+B7<9,'Package Matrix'!C24%,IF(B6+B7<12,'Package Matrix'!C25,IF(B6+B7<24,'Package Matrix'!C26))))))) -> 400000
B14: 45000000
B15: =B14/150 -> 300000 | C15: =B15*1.1 -> 330000
B19: odooo | G19: shine
B20: 3-5 months | C20: 6-11 months | D20: 12-23 months | E20: 24+months | H20: 3-5 months | I20: 6-11 months | J20: 12-23 months | K20: 24+months
A21: 1 | B21: 400 | C21: 400 | D21: 400 | E21: 400 | G21: 1 | H21: 348 | I21: 340 | J21: 332 | K21: 320
A22: 3 | B22: 1080 | C22: 1080 | D22: 1080 | E22: 1080 | G22: 3 | H22: =328*3 -> 984 | I22: 960 | J22: 936 | K22: 900
A23: 6 | B23: 1980 | C23: 1980 | D23: 1980 | E23: 1980 | G23: 6 | H23: =308*6 -> 1848 | I23: 1800 | J23: 1752 | K23: 1680
A24: 12 | B24: 3600 | C24: 3600 | D24: 3600 | E24: 3600 | G24: 12 | H24: =288*12 -> 3456 | I24: =280*12 -> 3360 | J24: 3264 | K24: 3120

Sheet Instructions
A1: HOW TO USE
A3: Purpose | B3: Calculate gym promotional pricing for 1, 3, 6 and 12-month packages using package commitment and existing customer loyalty.
A4: Step 1 | B4: Enter customer name/ID, base monthly price, months already attended, and the new package length. | D4: =D5*2 -> 20 | E4: =E5*2 -> 10
A5: Step 2 | B5: The calculator automatically applies package and loyalty discounts. | C5: 80 | D5: 10 | E5: 5 | F5: 5
A6: Step 3 | B6: Total discount is capped at 30%. | C6: =400*(1-C8) -> 360 | D6: =400*(1-D8) -> 340 | E6: =400*(1-E8) -> 320 | F6: =400*(1-F8) -> 300
A7: Step 4 | B7: Renewal Monthly Price estimates the next renewal price based on total accumulated membership duration. | C7: 1 month | D7: 3 months | E7: 6 months | F7: 12 months
A8: Package extention discounts | B8: 1 month 10%; 3 months 15%; 6 months 20%; 12 months 25%. | C8: 0.1 | D8: 0.15 | E8: 0.2 | F8: 0.25 | G8: 0.1 | H8: 0.15 | I8: 0.2 | J8: 0.25
C9: 3-5 months | D9: 6-11 months | E9: 12-23 months | F9: 24+months | G9: 3-5 months | H9: 6-11 months | I9: 12-23 months | J9: 24+months
A10: Loyalty discounts | B10: 3–5 months 5%; 6–11 months 8%; 12–23 months 12%; 24+ months 15%. | C10: 0.03 | D10: 0.08 | E10: 0.1 | F10: 0.12 | G10: 0.05 | H10: 0.08 | I10: 0.12 | J10: 0.15
A11: Duration tiers | B11: Expected duration = months already attended + new package. Longer duration moves the customer into stronger loyalty tiers. | C11: =C8+C10 -> 0.13 | D11: =D8+D10 -> 0.23 | E11: =E8+E10 -> 0.3 | F11: =F8+F10 -> 0.37 | H11: =400*0.7 -> 280
A12: Customer log | B12: Use Customer Pricing Log for multiple customers. Fill columns A–E; calculation columns F–M update automatically. | F12: =280/400 -> 0.7
A13: 400 | B13: =A13*0.1 -> 40 | C13: =A13-B13 -> 360
A14: =400*3 -> 1200 | B14: =A14*0.15 -> 180 | C14: =A14-B14 -> 1020 | D14: =C13*3 -> 1080 | E14: =D14-C14 -> 60
A15: =6*400 -> 2400 | B15: =A15*0.2 -> 480 | C15: =A15-B15 -> 1920 | D15: =C14*2 -> 2040 | E15: =D15-C15 -> 120
A16: =12*400 -> 4800 | B16: =A16*0.25 -> 1200 | C16: =A16-B16 -> 3600 | D16: =C15*2 -> 3840 | E16: =D16-C16 -> 240
C19: odooo | H19: shine
C20: 3-5 months | D20: 6-11 months | E20: 12-23 months | F20: 24+months | I20: 3-5 months | J20: 6-11 months | K20: 12-23 months | L20: 24+months
B21: 1 | C21: 400 | D21: 400 | E21: 400 | F21: 400 | H21: 1 | I21: 1080000
B22: 3 | C22: 1080 | D22: 1080 | E22: 1080 | F22: 1080 | H22: 3 | I22: asd | J22: s
B23: 6 | C23: 1980 | D23: 1980 | E23: 1980 | F23: 1980 | H23: 6
B24: 12 | C24: 3600 | D24: 3600 | E24: 3600 | F24: 3600 | H24: 12

Sheet Package Matrix
A1: PACKAGE DISCOUNT MATRIX
A3: Package Months | B3: Discount | C3: Monthly Price @ ₮400,000 | D3: Total Package Price
A4: 1 | B4: 0.1 | C4: 400000 | D4: =C4*A4 -> 400000
A5: 3 | B5: 0.15 | C5: =$C$4*(1-B5) -> 340000 | D5: =C5*A5 -> 1020000
A6: 6 | B6: 0.2 | C6: =$C$4*(1-B6) -> 320000 | D6: =C6*A6 -> 1920000
A7: 12 | B7: 0.25 | C7: =$C$4*(1-B7) -> 300000 | D7: =C7*A7 -> 3600000
A10: LOYALTY DISCOUNT
A11: Existing Months | B11: Discount
A12: 0 | B12: 0
A13: 3 | B13: 0.05
A14: 6 | B14: 0.08
A15: 12 | B15: 0.12
A16: 24 | B16: 0.15
A19: MEMBERSHIP SCORE / EXPECTED DURATION TIERS
A20: Total Months | B20: Tier | C20: Maximum Discount
A21: 1 | B21: Starter | C21: 0
A22: 3 | B22: Growing | C22: 0.05
A23: 6 | B23: Committed | C23: 0.1
A24: 9 | B24: Loyal | C24: 0.15
A25: 12 | B25: Long-Term | C25: 0.2
A26: 24 | B26: Premium loyal | C26: 0.25

Sheet Customer Pricing Log
A1: Customer ID | B1: Customer Name | C1: Base Monthly Price | D1: Months Attended | E1: Package Months | F1: Total Expected Months | G1: Package Discount | H1: Loyalty Discount | I1: Applied Discount | J1: Promo Monthly Price | K1: Package Total | L1: Renewal Monthly Price | M1: Promotion Tier | N1: Notes
A2: 101 | B2: Odonchimeg | C2: 400000 | D2: 13 | E2: 1 | F2: =D2+E2 -> 14 | G2: =IF(CustomerPricingLog[[#This Row],[Months Attended]]=0,0,IF(E2=1,'Package Matrix'!$B$4,IF(E2=3,'Package Matrix'!$B$5,IF(E2=6,'Package Matrix'!$B$6,IF(E2=12,'Package Matrix'!$B$7,0))))) -> 0.1 | H2: =IF(D2<3,'Package Matrix'!$B$12,IF(D2<6,'Package Matrix'!$B$13,IF(D2<12,'Package Matrix'!$B$14,IF(D2<24,'Package Matrix'!$B$15,'Package Matrix'!$B$16)))) -> 0.12 | I2: =G2+H2 -> 0.22 | J2: =C2*(1-I2) -> 312000 | K2: =J2*E2 -> 312000 | L2: =C2*(1-MIN(30%,IF(D2+E2<3,0,IF(D2+E2<6,3%,IF(D2+E2<9,7%,IF(D2+E2<12,10%,IF(D2+E2<18,15%,IF(D2+E2<24,20%,IF(D2+E2<36,25%,30%))))))))) -> 340000 | M2: =IF(CustomerPricingLog[[#This Row],[Months Attended]]<3,"Starter",IF(CustomerPricingLog[[#This Row],[Months Attended]]<6,"Growing",IF(CustomerPricingLog[[#This Row],[Months Attended]]<9,"Committed",IF(CustomerPricingLog[[#This Row],[Months Attended]]<12,"Loyal",IF(CustomerPricingLog[[#This Row],[Months Attended]]<18,"Long-Term",IF(CustomerPricingLog[[#This Row],[Months Attended]]<60,"Premium Loyal")))))) -> Long-Term | N2: Test
C3: 400000 | F3: =D3+E3 -> 0 | G3: =IF(CustomerPricingLog[[#This Row],[Months Attended]]=0,0,IF(E3=1,'Package Matrix'!$B$4,IF(E3=3,'Package Matrix'!$B$5,IF(E3=6,'Package Matrix'!$B$6,IF(E3=12,'Package Matrix'!$B$7,0))))) -> 0 | H3: =IF(D3<3,'Package Matrix'!$B$12,IF(D3<6,'Package Matrix'!$B$13,IF(D3<12,'Package Matrix'!$B$14,IF(D3<24,'Package Matrix'!$B$15,'Package Matrix'!$B$16)))) -> 0 | I3: =MIN(30%,G3+H3) -> 0 | J3: =C3*(1-I3) -> 400000 | K3: =J3*E3 -> 0 | L3: =C3*(1-MIN(30%,IF(D3+E3<3,0,IF(D3+E3<6,3%,IF(D3+E3<9,7%,IF(D3+E3<12,10%,IF(D3+E3<18,15%,IF(D3+E3<24,20%,IF(D3+E3<36,25%,30%))))))))) -> 400000 | M3: =IF(CustomerPricingLog[[#This Row],[Months Attended]]<3,"Starter",IF(CustomerPricingLog[[#This Row],[Months Attended]]<6,"Growing",IF(CustomerPricingLog[[#This Row],[Months Attended]]<9,"Committed",IF(CustomerPricingLog[[#This Row],[Months Attended]]<12,"Loyal",IF(CustomerPricingLog[[#This Row],[Months Attended]]<18,"Long-Term",IF(CustomerPricingLog[[#This Row],[Months Attended]]<60,"Premium Loyal")))))) -> Starter
C4: 400000 | F4: =D4+E4 -> 0 | G4: =IF(CustomerPricingLog[[#This Row],[Months Attended]]=0,0,IF(E4=1,'Package Matrix'!$B$4,IF(E4=3,'Package Matrix'!$B$5,IF(E4=6,'Package Matrix'!$B$6,IF(E4=12,'Package Matrix'!$B$7,0))))) -> 0 | H4: =IF(D4<3,'Package Matrix'!$B$12,IF(D4<6,'Package Matrix'!$B$13,IF(D4<12,'Package Matrix'!$B$14,IF(D4<24,'Package Matrix'!$B$15,'Package Matrix'!$B$16)))) -> 0 | I4: =MIN(30%,G4+H4) -> 0 | J4: =C4*(1-I4) -> 400000 | K4: =J4*E4 -> 0 | L4: =C4*(1-MIN(30%,IF(D4+E4<3,0,IF(D4+E4<6,3%,IF(D4+E4<9,7%,IF(D4+E4<12,10%,IF(D4+E4<18,15%,IF(D4+E4<24,20%,IF(D4+E4<36,25%,30%))))))))) -> 400000 | M4: =IF(CustomerPricingLog[[#This Row],[Months Attended]]<3,"Starter",IF(CustomerPricingLog[[#This Row],[Months Attended]]<6,"Growing",IF(CustomerPricingLog[[#This Row],[Months Attended]]<9,"Committed",IF(CustomerPricingLog[[#This Row],[Months Attended]]<12,"Loyal",IF(CustomerPricingLog[[#This Row],[Months Attended]]<18,"Long-Term",IF(CustomerPricingLog[[#This Row],[Months Attended]]<60,"Premium Loyal")))))) -> Starter
C5: 400000 | F5: =D5+E5 -> 0 | G5: =IF(CustomerPricingLog[[#This Row],[Months Attended]]=0,0,IF(E5=1,'Package Matrix'!$B$4,IF(E5=3,'Package Matrix'!$B$5,IF(E5=6,'Package Matrix'!$B$6,IF(E5=12,'Package Matrix'!$B$7,0))))) -> 0 | H5: =IF(D5<3,'Package Matrix'!$B$12,IF(D5<6,'Package Matrix'!$B$13,IF(D5<12,'Package Matrix'!$B$14,IF(D5<24,'Package Matrix'!$B$15,'Package Matrix'!$B$16)))) -> 0 | I5: =MIN(30%,G5+H5) -> 0 | J5: =C5*(1-I5) -> 400000 | K5: =J5*E5 -> 0 | L5: =C5*(1-MIN(30%,IF(D5+E5<3,0,IF(D5+E5<6,3%,IF(D5+E5<9,7%,IF(D5+E5<12,10%,IF(D5+E5<18,15%,IF(D5+E5<24,20%,IF(D5+E5<36,25%,30%))))))))) -> 400000 | M5: =IF(CustomerPricingLog[[#This Row],[Months Attended]]<3,"Starter",IF(CustomerPricingLog[[#This Row],[Months Attended]]<6,"Growing",IF(CustomerPricingLog[[#This Row],[Months Attended]]<9,"Committed",IF(CustomerPricingLog[[#This Row],[Months Attended]]<12,"Loyal",IF(CustomerPricingLog[[#This Row],[Months Attended]]<18,"Long-Term",IF(CustomerPricingLog[[#This Row],[Months Attended]]<60,"Premium Loyal")))))) -> Starter
C6: 400000 | F6: =D6+E6 -> 0 | G6: =IF(CustomerPricingLog[[#This Row],[Months Attended]]=0,0,IF(E6=1,'Package Matrix'!$B$4,IF(E6=3,'Package Matrix'!$B$5,IF(E6=6,'Package Matrix'!$B$6,IF(E6=12,'Package Matrix'!$B$7,0))))) -> 0 | H6: =IF(D6<3,'Package Matrix'!$B$12,IF(D6<6,'Package Matrix'!$B$13,IF(D6<12,'Package Matrix'!$B$14,IF(D6<24,'Package Matrix'!$B$15,'Package Matrix'!$B$16)))) -> 0 | I6: =MIN(30%,G6+H6) -> 0 | J6: =C6*(1-I6) -> 400000 | K6: =J6*E6 -> 0 | L6: =C6*(1-MIN(30%,IF(D6+E6<3,0,IF(D6+E6<6,3%,IF(D6+E6<9,7%,IF(D6+E6<12,10%,IF(D6+E6<18,15%,IF(D6+E6<24,20%,IF(D6+E6<36,25%,30%))))))))) -> 400000 | M6: =IF(CustomerPricingLog[[#This Row],[Months Attended]]<3,"Starter",IF(CustomerPricingLog[[#This Row],[Months Attended]]<6,"Growing",IF(CustomerPricingLog[[#This Row],[Months Attended]]<9,"Committed",IF(CustomerPricingLog[[#This Row],[Months Attended]]<12,"Loyal",IF(CustomerPricingLog[[#This Row],[Months Attended]]<18,"Long-Term",IF(CustomerPricingLog[[#This Row],[Months Attended]]<60,"Premium Loyal")))))) -> Starter
C7: 400000 | F7: =D7+E7 -> 0 | G7: =IF(CustomerPricingLog[[#This Row],[Months Attended]]=0,0,IF(E7=1,'Package Matrix'!$B$4,IF(E7=3,'Package Matrix'!$B$5,IF(E7=6,'Package Matrix'!$B$6,IF(E7=12,'Package Matrix'!$B$7,0))))) -> 0 | H7: =IF(D7<3,'Package Matrix'!$B$12,IF(D7<6,'Package Matrix'!$B$13,IF(D7<12,'Package Matrix'!$B$14,IF(D7<24,'Package Matrix'!$B$15,'Package Matrix'!$B$16)))) -> 0 | I7: =MIN(30%,G7+H7) -> 0 | J7: =C7*(1-I7) -> 400000 | K7: =J7*E7 -> 0 | L7: =C7*(1-MIN(30%,IF(D7+E7<3,0,IF(D7+E7<6,3%,IF(D7+E7<9,7%,IF(D7+E7<12,10%,IF(D7+E7<18,15%,IF(D7+E7<24,20%,IF(D7+E7<36,25%,30%))))))))) -> 400000 | M7: =IF(CustomerPricingLog[[#This Row],[Months Attended]]<3,"Starter",IF(CustomerPricingLog[[#This Row],[Months Attended]]<6,"Growing",IF(CustomerPricingLog[[#This Row],[Months Attended]]<9,"Committed",IF(CustomerPricingLog[[#This Row],[Months Attended]]<12,"Loyal",IF(CustomerPricingLog[[#This Row],[Months Attended]]<18,"Long-Term",IF(CustomerPricingLog[[#This Row],[Months Attended]]<60,"Premium Loyal")))))) -> Starter
C8: 400000 | F8: =D8+E8 -> 0 | G8: =IF(CustomerPricingLog[[#This Row],[Months Attended]]=0,0,IF(E8=1,'Package Matrix'!$B$4,IF(E8=3,'Package Matrix'!$B$5,IF(E8=6,'Package Matrix'!$B$6,IF(E8=12,'Package Matrix'!$B$7,0))))) -> 0 | H8: =IF(D8<3,'Package Matrix'!$B$12,IF(D8<6,'Package Matrix'!$B$13,IF(D8<12,'Package Matrix'!$B$14,IF(D8<24,'Package Matrix'!$B$15,'Package Matrix'!$B$16)))) -> 0 | I8: =MIN(30%,G8+H8) -> 0 | J8: =C8*(1-I8) -> 400000 | K8: =J8*E8 -> 0 | L8: =C8*(1-MIN(30%,IF(D8+E8<3,0,IF(D8+E8<6,3%,IF(D8+E8<9,7%,IF(D8+E8<12,10%,IF(D8+E8<18,15%,IF(D8+E8<24,20%,IF(D8+E8<36,25%,30%))))))))) -> 400000 | M8: =IF(CustomerPricingLog[[#This Row],[Months Attended]]<3,"Starter",IF(CustomerPricingLog[[#This Row],[Months Attended]]<6,"Growing",IF(CustomerPricingLog[[#This Row],[Months Attended]]<9,"Committed",IF(CustomerPricingLog[[#This Row],[Months Attended]]<12,"Loyal",IF(CustomerPricingLog[[#This Row],[Months Attended]]<18,"Long-Term",IF(CustomerPricingLog[[#This Row],[Months Attended]]<60,"Premium Loyal")))))) -> Starter
C9: 400000 | F9: =D9+E9 -> 0 | G9: =IF(CustomerPricingLog[[#This Row],[Months Attended]]=0,0,IF(E9=1,'Package Matrix'!$B$4,IF(E9=3,'Package Matrix'!$B$5,IF(E9=6,'Package Matrix'!$B$6,IF(E9=12,'Package Matrix'!$B$7,0))))) -> 0 | H9: =IF(D9<3,'Package Matrix'!$B$12,IF(D9<6,'Package Matrix'!$B$13,IF(D9<12,'Package Matrix'!$B$14,IF(D9<24,'Package Matrix'!$B$15,'Package Matrix'!$B$16)))) -> 0 | I9: =MIN(30%,G9+H9) -> 0 | J9: =C9*(1-I9) -> 400000 | K9: =J9*E9 -> 0 | L9: =C9*(1-MIN(30%,IF(D9+E9<3,0,IF(D9+E9<6,3%,IF(D9+E9<9,7%,IF(D9+E9<12,10%,IF(D9+E9<18,15%,IF(D9+E9<24,20%,IF(D9+E9<36,25%,30%))))))))) -> 400000 | M9: =IF(CustomerPricingLog[[#This Row],[Months Attended]]<3,"Starter",IF(CustomerPricingLog[[#This Row],[Months Attended]]<6,"Growing",IF(CustomerPricingLog[[#This Row],[Months Attended]]<9,"Committed",IF(CustomerPricingLog[[#This Row],[Months Attended]]<12,"Loyal",IF(CustomerPricingLog[[#This Row],[Months Attended]]<18,"Long-Term",IF(CustomerPricingLog[[#This Row],[Months Attended]]<60,"Premium Loyal")))))) -> Starter
C10: 400000 | F10: =D10+E10 -> 0 | G10: =IF(CustomerPricingLog[[#This Row],[Months Attended]]=0,0,IF(E10=1,'Package Matrix'!$B$4,IF(E10=3,'Package Matrix'!$B$5,IF(E10=6,'Package Matrix'!$B$6,IF(E10=12,'Package Matrix'!$B$7,0))))) -> 0 | H10: =IF(D10<3,'Package Matrix'!$B$12,IF(D10<6,'Package Matrix'!$B$13,IF(D10<12,'Package Matrix'!$B$14,IF(D10<24,'Package Matrix'!$B$15,'Package Matrix'!$B$16)))) -> 0 | I10: =MIN(30%,G10+H10) -> 0 | J10: =C10*(1-I10) -> 400000 | K10: =J10*E10 -> 0 | L10: =C10*(1-MIN(30%,IF(D10+E10<3,0,IF(D10+E10<6,3%,IF(D10+E10<9,7%,IF(D10+E10<12,10%,IF(D10+E10<18,15%,IF(D10+E10<24,20%,IF(D10+E10<36,25%,30%))))))))) -> 400000 | M10: =IF(CustomerPricingLog[[#This Row],[Months Attended]]<3,"Starter",IF(CustomerPricingLog[[#This Row],[Months Attended]]<6,"Growing",IF(CustomerPricingLog[[#This Row],[Months Attended]]<9,"Committed",IF(CustomerPricingLog[[#This Row],[Months Attended]]<12,"Loyal",IF(CustomerPricingLog[[#This Row],[Months Attended]]<18,"Long-Term",IF(CustomerPricingLog[[#This Row],[Months Attended]]<60,"Premium Loyal")))))) -> Starter
C11: 400000 | F11: =D11+E11 -> 0 | G11: =IF(CustomerPricingLog[[#This Row],[Months Attended]]=0,0,IF(E11=1,'Package Matrix'!$B$4,IF(E11=3,'Package Matrix'!$B$5,IF(E11=6,'Package Matrix'!$B$6,IF(E11=12,'Package Matrix'!$B$7,0))))) -> 0 | H11: =IF(D11<3,'Package Matrix'!$B$12,IF(D11<6,'Package Matrix'!$B$13,IF(D11<12,'Package Matrix'!$B$14,IF(D11<24,'Package Matrix'!$B$15,'Package Matrix'!$B$16)))) -> 0 | I11: =MIN(30%,G11+H11) -> 0 | J11: =C11*(1-I11) -> 400000 | K11: =J11*E11 -> 0 | L11: =C11*(1-MIN(30%,IF(D11+E11<3,0,IF(D11+E11<6,3%,IF(D11+E11<9,7%,IF(D11+E11<12,10%,IF(D11+E11<18,15%,IF(D11+E11<24,20%,IF(D11+E11<36,25%,30%))))))))) -> 400000 | M11: =IF(CustomerPricingLog[[#This Row],[Months Attended]]<3,"Starter",IF(CustomerPricingLog[[#This Row],[Months Attended]]<6,"Growing",IF(CustomerPricingLog[[#This Row],[Months Attended]]<9,"Committed",IF(CustomerPricingLog[[#This Row],[Months Attended]]<12,"Loyal",IF(CustomerPricingLog[[#This Row],[Months Attended]]<18,"Long-Term",IF(CustomerPricingLog[[#This Row],[Months Attended]]<60,"Premium Loyal")))))) -> Starter
C12: 400000 | F12: =D12+E12 -> 0 | G12: =IF(CustomerPricingLog[[#This Row],[Months Attended]]=0,0,IF(E12=1,'Package Matrix'!$B$4,IF(E12=3,'Package Matrix'!$B$5,IF(E12=6,'Package Matrix'!$B$6,IF(E12=12,'Package Matrix'!$B$7,0))))) -> 0 | H12: =IF(D12<3,'Package Matrix'!$B$12,IF(D12<6,'Package Matrix'!$B$13,IF(D12<12,'Package Matrix'!$B$14,IF(D12<24,'Package Matrix'!$B$15,'Package Matrix'!$B$16)))) -> 0 | I12: =MIN(30%,G12+H12) -> 0 | J12: =C12*(1-I12) -> 400000 | K12: =J12*E12 -> 0 | L12: =C12*(1-MIN(30%,IF(D12+E12<3,0,IF(D12+E12<6,3%,IF(D12+E12<9,7%,IF(D12+E12<12,10%,IF(D12+E12<18,15%,IF(D12+E12<24,20%,IF(D12+E12<36,25%,30%))))))))) -> 400000 | M12: =IF(CustomerPricingLog[[#This Row],[Months Attended]]<3,"Starter",IF(CustomerPricingLog[[#This Row],[Months Attended]]<6,"Growing",IF(CustomerPricingLog[[#This Row],[Months Attended]]<9,"Committed",IF(CustomerPricingLog[[#This Row],[Months Attended]]<12,"Loyal",IF(CustomerPricingLog[[#This Row],[Months Attended]]<18,"Long-Term",IF(CustomerPricingLog[[#This Row],[Months Attended]]<60,"Premium Loyal")))))) -> Starter
C13: 400000 | F13: =D13+E13 -> 0 | G13: =IF(CustomerPricingLog[[#This Row],[Months Attended]]=0,0,IF(E13=1,'Package Matrix'!$B$4,IF(E13=3,'Package Matrix'!$B$5,IF(E13=6,'Package Matrix'!$B$6,IF(E13=12,'Package Matrix'!$B$7,0))))) -> 0 | H13: =IF(D13<3,'Package Matrix'!$B$12,IF(D13<6,'Package Matrix'!$B$13,IF(D13<12,'Package Matrix'!$B$14,IF(D13<24,'Package Matrix'!$B$15,'Package Matrix'!$B$16)))) -> 0 | I13: =MIN(30%,G13+H13) -> 0 | J13: =C13*(1-I13) -> 400000 | K13: =J13*E13 -> 0 | L13: =C13*(1-MIN(30%,IF(D13+E13<3,0,IF(D13+E13<6,3%,IF(D13+E13<9,7%,IF(D13+E13<12,10%,IF(D13+E13<18,15%,IF(D13+E13<24,20%,IF(D13+E13<36,25%,30%))))))))) -> 400000 | M13: =IF(CustomerPricingLog[[#This Row],[Months Attended]]<3,"Starter",IF(CustomerPricingLog[[#This Row],[Months Attended]]<6,"Growing",IF(CustomerPricingLog[[#This Row],[Months Attended]]<9,"Committed",IF(CustomerPricingLog[[#This Row],[Months Attended]]<12,"Loyal",IF(CustomerPricingLog[[#This Row],[Months Attended]]<18,"Long-Term",IF(CustomerPricingLog[[#This Row],[Months Attended]]<60,"Premium Loyal")))))) -> Starter
C14: 400000 | F14: =D14+E14 -> 0 | G14: =IF(CustomerPricingLog[[#This Row],[Months Attended]]=0,0,IF(E14=1,'Package Matrix'!$B$4,IF(E14=3,'Package Matrix'!$B$5,IF(E14=6,'Package Matrix'!$B$6,IF(E14=12,'Package Matrix'!$B$7,0))))) -> 0 | H14: =IF(D14<3,'Package Matrix'!$B$12,IF(D14<6,'Package Matrix'!$B$13,IF(D14<12,'Package Matrix'!$B$14,IF(D14<24,'Package Matrix'!$B$15,'Package Matrix'!$B$16)))) -> 0 | I14: =MIN(30%,G14+H14) -> 0 | J14: =C14*(1-I14) -> 400000 | K14: =J14*E14 -> 0 | L14: =C14*(1-MIN(30%,IF(D14+E14<3,0,IF(D14+E14<6,3%,IF(D14+E14<9,7%,IF(D14+E14<12,10%,IF(D14+E14<18,15%,IF(D14+E14<24,20%,IF(D14+E14<36,25%,30%))))))))) -> 400000 | M14: =IF(CustomerPricingLog[[#This Row],[Months Attended]]<3,"Starter",IF(CustomerPricingLog[[#This Row],[Months Attended]]<6,"Growing",IF(CustomerPricingLog[[#This Row],[Months Attended]]<9,"Committed",IF(CustomerPricingLog[[#This Row],[Months Attended]]<12,"Loyal",IF(CustomerPricingLog[[#This Row],[Months Attended]]<18,"Long-Term",IF(CustomerPricingLog[[#This Row],[Months Attended]]<60,"Premium Loyal")))))) -> Starter
... C51: 400000 | F51: =D51+E51 -> 0 | G51: =IF(CustomerPricingLog[[#This Row],[Months Attended]]=0,0,IF(E51=1,'Package Matrix'!$B$4,IF(E51=3,'Package Matrix'!$B$5,IF(E51=6,'Package Matrix'!$B$6,IF(E51=12,'Package Matrix'!$B$7,0))))) -> 0 | H51: =IF(D51<3,'Package Matrix'!$B$12,IF(D51<6,'Package Matrix'!$B$13,IF(D51<12,'Package Matrix'!$B$14,IF(D51<24,'Package Matrix'!$B$15,'Package Matrix'!$B$16)))) -> 0 | I51: =MIN(30%,G51+H51) -> 0 | J51: =C51*(1-I51) -> 400000 | K51: =J51*E51 -> 0 | L51: =C51*(1-MIN(30%,IF(D51+E51<3,0,IF(D51+E51<6,3%,IF(D51+E51<9,7%,IF(D51+E51<12,10%,IF(D51+E51<18,15%,IF(D51+E51<24,20%,IF(D51+E51<36,25%,30%))))))))) -> 400000 | M51: =IF(CustomerPricingLog[[#This Row],[Months Attended]]<3,"Starter",IF(CustomerPricingLog[[#This Row],[Months Attended]]<6,"Growing",IF(CustomerPricingLog[[#This Row],[Months Attended]]<9,"Committed",IF(CustomerPricingLog[[#This Row],[Months Attended]]<12,"Loyal",IF(CustomerPricingLog[[#This Row],[Months Attended]]<18,"Long-Term",IF(CustomerPricingLog[[#This Row],[Months Attended]]<60,"Premium Loyal")))))) -> Starter
